0.0000000000000000,83.6224580619708320
0.0000000000000000,83.6224580619708320
678.3666168221791395,2057.1688678291029646,3377.8715211237527001,762.4385375318049682,686.1946837786244942,617.5752154007620902
678.3666168221791395,2057.1688678291029646,3377.8715211237527001,762.4385375318049682,686.1946837786244942,617.5752154007620902
0.0000000000000000,180.3830418605571140
0.0000000000000000,180.3830418605571140
539.9181553692922080,3067.5911437580098209,3377.3180309909857897,3982.7040996018886290,3986.6786633629790231,902.2541981263975686,812.0287783137578117,730.8259004823820533,657.7433104341438366,591.9689793907294870
539.9181553692922080,3067.5911437580098209,3377.3180309909857897,3982.7040996018886290,3986.6786633629790231,902.2541981263975686,812.0287783137578117,730.8259004823820533,657.7433104341438366,591.9689793907294870
617.3788304026645619,3993.6088424599838618,3998.0108271903695822,829.1985174826857019,746.2786657344171317,671.6507991609754527
617.3788304026645619,3993.6088424599838618,3998.0108271903695822,829.1985174826857019,746.2786657344171317,671.6507991609754527
223.2407268142006558,2698.1493437383223863,3668.6548293222440407,3873.4161400572515959,3889.5664783513793736,3941.0879656275005800,569.1743271332413769,512.2568944199172165,461.0312049779254835,414.9280844801329522,373.4352760321196456,336.0917484289076924
223.2407268142006558,2698.1493437383223863,3668.6548293222440407,3873.4161400572515959,3889.5664783513793736,3941.0879656275005800,569.1743271332413769,512.2568944199172165,461.0312049779254835,414.9280844801329522,373.4352760321196456,336.0917484289076924
0.0000000000000000,137.4495874507597364
0.0000000000000000,137.4495874507597364
0.0000000000000000,19.1277376195649360
0.0000000000000000,19.1277376195649360
0.0000000000000000,93.6875695466552827
0.0000000000000000,93.6875695466552827
459.0702781285524452,1043.9645827924127843,741.6267262529979689,667.4640536276981493
459.0702781285524452,1043.9645827924127843,741.6267262529979689,667.4640536276981493
478.7853798650548924,2366.0064915086591100,3703.5229075856950658,3956.9812228428036178,3993.3748342031476568,833.8713994224792714,750.4842594802313442,675.4358335322082212,607.8922501789874104,547.1030251610886808
478.7853798650548924,2366.0064915086591100,3703.5229075856950658,3956.9812228428036178,3993.3748342031476568,833.8713994224792714,750.4842594802313442,675.4358335322082212,607.8922501789874104,547.1030251610886808
681.2910252586182196,3758.9170001315133050,3818.9576225484042880,791.4902749197021876,712.3412474277320143,641.1071226849588811
681.2910252586182196,3758.9170001315133050,3818.9576225484042880,791.4902749197021876,712.3412474277320143,641.1071226849588811
567.8470462874317946,2228.7965937429621590,3799.8374183924502177,3960.7998663732892055,3996.5054958555670055,3999.2389368247881976,678.6300933614837732,610.7670840253354072,549.6903756228018665,494.7213380605217026,445.2492042544695323,400.7242838290225677
567.8470462874317946,2228.7965937429621590,3799.8374183924502177,3960.7998663732892055,3996.5054958555670055,3999.2389368247881976,678.6300933614837732,610.7670840253354072,549.6903756228018665,494.7213380605217026,445.2492042544695323,400.7242838290225677
706.3515259814417959,2455.1836626356825946,2807.6092280583357024,3040.0778935312964677,3930.3988367911920250,3992.0306273370488270,531.3141105665771420,478.1826995099194164,430.3644295589274975,387.3279866030347307,348.5951879427312861,313.7356691484581575
706.3515259814417959,2455.1836626356825946,2807.6092280583357024,3040.0778935312964677,3930.3988367911920250,3992.0306273370488270,531.3141105665771420,478.1826995099194164,430.3644295589274975,387.3279866030347307,348.5951879427312861,313.7356691484581575
780.4633345197980816,2630.8256047758040950,3194.1431597776545459,3558.3600149404205695,3808.9204993348416792,3932.8122442334697553,592.7990827610913129,533.5191744849821589,480.1672570364839316,432.1505313328355555,388.9354781995519943,350.0419303795968062
780.4633345197980816,2630.8256047758040950,3194.1431597776545459,3558.3600149404205695,3808.9204993348416792,3932.8122442334697553,592.7990827610913129,533.5191744849821589,480.1672570364839316,432.1505313328355555,388.9354781995519943,350.0419303795968062
257.9944062196494770,2527.4779104525173352,3275.4540211394150901,3311.3249763597950732,635.1831143063109266,571.6648028756798112,514.4983225881118187,463.0484903293006482
257.9944062196494770,2527.4779104525173352,3275.4540211394150901,3311.3249763597950732,635.1831143063109266,571.6648028756798112,514.4983225881118187,463.0484903293006482
0.0000000000000000,130.0744770547534017
0.0000000000000000,130.0744770547534017
463.6349366756227255,3355.4718788078084799,3435.7359850834982353,3848.9018002457410148,3963.3248265476258894,548.0706668292829136,493.2636001463546336,443.9372401317191930,399.5435161185473021,359.5891645066925548
463.6349366756227255,3355.4718788078084799,3435.7359850834982353,3848.9018002457410148,3963.3248265476258894,548.0706668292829136,493.2636001463546336,443.9372401317191930,399.5435161185473021,359.5891645066925548
612.1010858502448855,817.7721190383915655,1121.1688230985898826,954.7242587585814135,859.2518328827233063,773.3266495944509415
612.1010858502448855,817.7721190383915655,1121.1688230985898826,954.7242587585814135,859.2518328827233063,773.3266495944509415
0.0000000000000000,165.4586756292069651
0.0000000000000000,165.4586756292069651
0.0000000000000000,10.4071844132782267
0.0000000000000000,10.4071844132782267
0.0000000000000000,192.9128875648239330
0.0000000000000000,192.9128875648239330
0.0000000000000000,92.2206475161608523
0.0000000000000000,92.2206475161608523
635.6175256494402674,2237.3041862088052767,687.1452082696471280,618.4306874426824834
635.6175256494402674,2237.3041862088052767,687.1452082696471280,618.4306874426824834
629.0586201555656771,717.0687139991629238,2808.2826776948845691,3220.6466279935762032,3540.0176846573567673,3744.0272481778406473,624.2764534874054334,561.8488081386649355,505.6639273247984647,455.0975345923186524,409.5877811330868212,368.6290030197781675
629.0586201555656771,717.0687139991629238,2808.2826776948845691,3220.6466279935762032,3540.0176846573567673,3744.0272481778406473,624.2764534874054334,561.8488081386649355,505.6639273247984647,455.0975345923186524,409.5877811330868212,368.6290030197781675
218.3873585845892364,382.5199636628262851,597.8385431120373141,538.0546888008335600
218.3873585845892364,382.5199636628262851,597.8385431120373141,538.0546888008335600
0.0000000000000000,42.4659921359366734
0.0000000000000000,42.4659921359366734
750.4824154896705295,2019.3420203273035440,2838.3039012234098664,793.7017646297676947,714.3315881667909935,642.8984293501118827
750.4824154896705295,2019.3420203273035440,2838.3039012234098664,793.7017646297676947,714.3315881667909935,642.8984293501118827
0.0000000000000000,63.6649838940606259
0.0000000000000000,63.6649838940606259
725.8687767559632675,2261.9351074296919251,2593.2882717315901573,3018.5641016824242797,3438.1704378248755347,520.2374453709373938,468.2137008338436885,421.3923307504593367,379.2530976754134144,341.3277879078721071
725.8687767559632675,2261.9351074296919251,2593.2882717315901573,3018.5641016824242797,3438.1704378248755347,520.2374453709373938,468.2137008338436885,421.3923307504593367,379.2530976754134144,341.3277879078721071
772.1104954280805259,1948.6579062870014241,3629.2854970005291761,938.7072875797409779,844.8365588217668574,760.3529029395901944
772.1104954280805259,1948.6579062870014241,3629.2854970005291761,938.7072875797409779,844.8365588217668574,760.3529029395901944
493.1651081017224669,3479.1904829270756636,3537.3913275799036455,3965.1962923732762647,3988.1671538399955352,3990.2944186873160106,648.1273412486700636,583.3146071238030572,524.9831464114228083,472.4848317702805502,425.2363485932525009,382.7127137339272736
493.1651081017224669,3479.1904829270756636,3537.3913275799036455,3965.1962923732762647,3988.1671538399955352,3990.2944186873160106,648.1273412486700636,583.3146071238030572,524.9831464114228083,472.4848317702805502,425.2363485932525009,382.7127137339272736
0.0000000000000000,15.5812981637432628
0.0000000000000000,15.5812981637432628
796.5103708573805079,2768.8531125744116252,3362.6881421694947676,542.5808021894413287,488.3227219704971844,439.4904497734474944
796.5103708573805079,2768.8531125744116252,3362.6881421694947676,542.5808021894413287,488.3227219704971844,439.4904497734474944
413.1033468964063218,1892.8698213180964558,3220.6256589459671886,916.9441577948899749,825.2497420154010115,742.7247678138609217
413.1033468964063218,1892.8698213180964558,3220.6256589459671886,916.9441577948899749,825.2497420154010115,742.7247678138609217
0.0000000000000000,76.0413784535809043
0.0000000000000000,76.0413784535809043
0.0000000000000000,129.3301043782468014
0.0000000000000000,129.3301043782468014
287.5787025002180144,2139.8595440820290605,2784.1959833312535011,3144.8170710674521615,889.7773496947851299,800.7996147253065828,720.7196532527759700,648.6476879274983958
287.5787025002180144,2139.8595440820290605,2784.1959833312535011,3144.8170710674521615,889.7773496947851299,800.7996147253065828,720.7196532527759700,648.6476879274983958
0.0000000000000000,39.1937209395260311
0.0000000000000000,39.1937209395260311
0.0000000000000000,4.7872724858176205
0.0000000000000000,4.7872724858176205
236.0623244659650766,2916.5633121472001221,2958.0356924149132283,2967.2181874706620874,3411.1426305198751834,3660.3349770844920386,684.3999351904411697,615.9599416713970186,554.3639475042573395,498.9275527538316055,449.0347974784484677,404.1313177306036550
236.0623244659650766,2916.5633121472001221,2958.0356924149132283,2967.2181874706620874,3411.1426305198751834,3660.3349770844920386,684.3999351904411697,615.9599416713970186,554.3639475042573395,498.9275527538316055,449.0347974784484677,404.1313177306036550
