3000,1,20,0.001000,0.001000,256,Rectangle,2,2,50,0.200000
0.0431771566899220
0.0381940779309826
0.0089702425726257
-0.0024036351281307
-0.0057715409806716
0.0204034012417219
0.0058794335081290
0.0230823820321330
0.0125275253432685
-0.0117185264309096
0.0053652849113659
0.0062049057024193
0.0492353361073422
0.0415073276386267
0.0392899535574168
0.0240305187222781
0.0243000573954222
0.0131786486641383
-0.0109190518441310
0.0105268903551668
0.0998507801149022
0.0213935523467236
0.0281865183307221
0.1141004732945868
-0.0208378621445293
-0.0521703407822946
0.0112572690475407
-0.0871617484759540
0.1064788577020196
0.0392084411174043
0.0449432515719972
-0.0301531966242201
0.0416072509174425
0.0020335464272723
0.0507044790110406
0.0287134852480752
-0.0475545528475772
-0.0735738127161779
-0.0406958482101490
-0.0495201399883310
0.0617324234535902
-0.0611042771399762
-0.0358587476757335
0.0119850567803485
0.1266216167018139
-0.0070901147297920
-0.0216539684533469
0.1538849839880979
0.1231272729729565
-0.0087241863841275
0.0690337661017989
0.0118941638196711
0.0425411265215491
-0.0366319445296918
0.0071652904761487
0.0098420582756726
-0.0112525538242519
-0.0895486869967102
0.0115730207996716
-0.0078807405945984
0.0530718681214343
-0.0444882971887860
-0.0602006471711792
-0.0290196406512843
0.0448355232490823
-0.0066360979966410
0.0090322912526069
0.0885525300910138
0.0507820456368138
-0.0381351874278466
0.0294658959364614
0.0357746137668180
-0.0018523702649106
-0.0472309039101597
0.0547309660535702
0.0130515388149880
-0.0506884211920904
-0.0377195156619166
-0.0183811191853721
0.0535658394187066
0.0591304712358653
0.0082241202250094
-0.0178087775961170
-0.0240078723310010
0.0281949424323849
0.0258322912673017
0.0213604498667043
-0.0125557098304736
0.0515886637406947
-0.0292658484504055
0.0355708788948665
-0.0010701616353307
0.0626736110772956
0.0031484030584344
0.0031294176557516
0.0223968804991103
-0.0358538820924802
-0.0714054730339240
-0.0101509270095426
0.0072106406391745
-0.0240276786587836
-0.0012937376219841
-0.0110677570595964
-0.0349684340928734
-0.0156417493331123
0.0288832652692754
-0.0006938927452249
0.0425620559746959
0.0388725510762331
-0.0231794103739023
0.0677120740025675
-0.0193549534057008
0.0449172634376780
0.0044370355160316
0.0161819962051181
0.0733309605485886
-0.0377490394689488
-0.0632574069346398
-0.0187469635963120
0.0760702617186505
-0.0194838698338485
-0.0247950784942253
0.0529186671147141
-0.0367506620524898
0.0412619775484634
0.0565527717028003
-0.0018279546524351
0.0243717346670782
0.0170541752950415
0.0367823666813488
0.0319915347738454
-0.0670257379393967
0.0485004887380265
-0.0534437846601727
-0.0356630301129967
0.0087820198785360
-0.0012667609802765
0.0172972109271347
0.0131443207794517
-0.0318031229817286
-0.0547207376940522
-0.0406132569243529
0.0343878557417010
-0.0796669570104083
0.0534467795065036
-0.0069548090949141
0.0251172975276600
0.0142883360926022
-0.0655970585278163
0.0060263630753115
0.0511633808414639
0.0387697361950297
0.0093013166723997
-0.0514630288620525
-0.0388682045785025
0.0120475870002477
0.0272463271377459
0.0352509655893497
0.0735991870437498
-0.0143996506990075
0.0797870080651382
-0.0661213264778836
-0.0168300346026558
0.0118995117984706
0.0227587353264199
0.0624646225460065
0.0099125383787710
0.0114719318305166
-0.0490325719471518
-0.0012201077639648
0.1168672061721563
0.1432766253390487
-0.0617712123778233
-0.0713559692744222
-0.0238066010229304
-0.0203921594224277
-0.0195804528979301
-0.0170753050844001
0.1487798855798581
-0.0223075955914262
0.0338816482478757
-0.0479189822601394
0.0068392858443158
0.0296138890266066
-0.0413373635263920
0.1315620294772039
0.0288022749170718
-0.0497507872063107
0.0630390688348343
0.0279710448283456
0.0034292947611096
-0.0361428063092582
-0.0632003952228744
-0.0819469222679175
-0.0648952711072179
0.0231849658528849
-0.0425822809238746
-0.0090307482254188
0.0937446145350083
-0.0428733435648256
0.0318298143297851
0.0581147262776294
-0.0399923298045143
0.0648368526565067
-0.1209028856215964
0.0546961689186846
0.0877521155437883
-0.0169506610001628
-0.0038389247948356
0.0245382826909472
-0.0570874193852504
-0.0502575320993911
-0.0766606563478616
0.0688065706688890
-0.0329881161094680
0.0405472628468898
-0.0000970681927596
-0.0436492006546734
0.0258371982494195
0.1192097096383447
0.1235759691201817
0.0716390505633069
-0.0199609123733738
0.0581599222645338
-0.0285234632849016
0.0418599307513561
0.0540353604633324
0.0224986449963109
-0.0366939218141642
0.0099037674356367
-0.0521312799267801
-0.0240728359202749
-0.0547388093651559
-0.0153259245580491
0.0044188228363501
0.0248728108558087
0.0419153082855805
0.0225485127259570
-0.0293255609316661
0.1241105261280430
-0.0144186365795968
0.0233090019834425
0.0348293426969505
-0.0205134224174629
-0.0510050764387523
0.0080220826986311
0.0822872033760350
0.0663216359738349
-0.0230897610533940
0.0039721952485748
0.0208717168102774
-0.0430088342751298
-0.0266964852106242
-0.0158946849813976
0.0059576425782016
-0.0351301042976402
0.0399090209613234
0.0316017805266153
-0.0448799820888025
0.0517670848102047
0.0113934592316923
0.0327929606821788
0.0476454811167117
-0.0580842304167918
-0.0342404984791180
-0.0090193672615336
0.1440005092478684
0.0203969803075232
-0.0008002142788233
-0.0194220032984194
0.0602970610722362
-0.0216206155346977
0.0300860080409430
-0.0042400365468017
0.0409426940362499
0.0128570999746380
0.0250689764309028
-0.0161789796711908
-0.0919542819763066
0.0819348093748220
-0.0203866469888754
0.0339174946214402
0.0947000059440628
-0.0103531418213339
-0.0865756583143034
-0.0335416559493805
-0.0196268144485291
0.0186168506370423
0.0455506758872321
0.0239369684967520
0.0596619931969556
-0.0355310432589997
0.0765332667821278
0.0263556506015301
-0.0143545234867833
-0.0089234767368954
0.0405867574456382
0.0388770115993569
-0.0428187131951307
0.0739310238442721
0.0711364857316347
-0.0492130374421794
-0.0363500393348439
0.0103901143766181
0.0619461207170825
-0.0649534929290951
0.0441613137515293
0.0166929749925557
0.0284282916535650
0.0338814355613684
0.0175274556353680
-0.0448311862602159
0.0140295401096045
0.0715523597713637
-0.0549645618132005
-0.0132495140537234
-0.0762491567006891
0.0470684549195425
-0.0376909150594744
-0.0371647686555456
0.0329019918077846
-0.0759016946794982
0.0307423122806222
-0.0229787340908848
0.1805563132658462
-0.0328958341245886
-0.0456204457138138
-0.0587684754858996
-0.0105723822566597
0.0047592862947858
0.1191303327144788
0.0438675741542388
0.0426509034494664
0.0406003408581548
-0.0218730428000613
0.0107185089120564
-0.0196280177095267
0.0215534720144022
-0.0379632621544341
-0.0333502095521521
0.0390740024382304
-0.0085354239521494
0.0663945605166455
-0.0354061589961201
0.0263495161476624
-0.0375287513953554
0.0086905370535229
-0.0786192197234684
-0.0923593910874055
0.0972191813717397
0.1124425606493958
0.0232965253513839
0.0161444108607005
0.0219397386180476
0.0282992973721192
-0.0679594348803956
0.0271963051503515
0.0757766259514406
-0.0429899182707895
-0.0564608156671663
0.0243604438655067
-0.0362906382126546
0.0176186024406037
-0.0472122614092926
0.0140820189832154
-0.0686422898124987
-0.0141310032949668
-0.0119586890487233
-0.0488858143392653
-0.0065380638040628
0.0594137401851486
0.0852660737244765
0.1216866866999501
0.0254608159482971
0.1271363217656475
-0.1064589541380840
0.0077938440176052
0.1338783660462556
-0.0121800916846223
-0.0178137501178525
0.1161122492163088
-0.0545458000125512
-0.0293255053288599
0.0568392696045394
0.1219409656092041
-0.0976099893408131
0.0082595261864946
-0.0022579120858163
-0.0142114850208835
0.0395630472819907
-0.0002023249593607
-0.0275116694667603
-0.0548340832066079
0.0387227915227861
0.0132813774516364
-0.0411163436837017
0.0100935032032461
0.1153638675504747
-0.0332797096241895
-0.0386289464514393
0.1386694627741029
-0.0238173655576901
-0.0751156639175802
0.1077676097936226
0.0334028735060994
-0.1033785796831361
-0.0406984295699667
-0.0466397757824117
0.0985637562857445
-0.0194392195445145
0.0015068208673789
0.0172357045718650
-0.0102307427967440
0.0218164388196479
0.0780186726857880
0.0441620306699360
-0.0444394392803270
-0.0274972222702086
-0.0918372234666440
0.0305981581852753
0.0565886046456709
0.0133258392759292
-0.0816111159885749
0.0807431229231649
-0.0240525401999424
-0.1402810901629887
0.0403769563643982
0.0560388646085303
0.0244920658070758
0.0811171752943039
-0.0564500371396705
-0.0128989316041571
-0.0135119312751242
-0.0381919707545220
0.0373669841054999
0.0723490313898899
-0.0433989215138946
0.0733454373160029
-0.0010037882133754
0.0506019274578950
-0.0095305150386856
0.0191977172644016
-0.0564102827213142
0.0348120982713249
0.0058399171454239
-0.1029867971795142
0.0560491764633971
0.0806336791033082
-0.0572212069372749
0.0943897050184833
-0.0621593118761585
-0.0156673494788744
-0.0414805591077005
-0.0034011203105422
-0.0254313722225994
-0.0003672981359226
-0.0223773234641455
0.1318296937505065
0.1282099468131039
0.1191814391582605
-0.0632935684246847
0.0848446340175488
0.0010816831483628
-0.0057568047220209
0.0545127127058483
0.0067957558635407
0.0467489063718998
0.0278966130971900
-0.0572545180255112
-0.0283644482063723
-0.0813187270154342
0.0466738062357406
0.0261275533746761
0.0433837459321813
-0.0145698482701292
0.0169960123076748
0.0105246826955964
0.1288213197752660
0.0655541937746029
-0.0378608076474113
-0.0427141705348597
-0.0077408793864080
0.0529644824653289
0.0238750911701459
-0.0054156461341615
0.0234028487228632
-0.0406024195325490
-0.0178357109027642
-0.0052970195670081
-0.0563004717884362
0.0168329006707560
0.0627799106670189
0.0040450807474852
0.0049436153611897
0.0199831153484724
-0.0025839429724380
0.1050599433380834
-0.0458738220350090
0.0428949604327199
-0.0067241110691830
-0.0486466296141319
0.0139644341295864
0.0243937496495962
0.0144402007684105
0.0426301681738605
0.0414423079068289
-0.0220820246613192
0.0385057074441968
0.0507231546140162
-0.0423710956835605
0.0511392912511635
0.0629489277086189
-0.0038688271476211
0.0550608415834702
0.0602501534747450
-0.0239290108925636
0.0943284203336578
-0.0541002136592002
0.0853401194697917
-0.0028626908435539
0.0373969961474994
-0.0037124126325395
0.0005267552109016
0.0659731621195693
0.0008312744461926
0.0396621947670081
-0.0119218065042880
-0.0640225641890619
-0.0023717070567704
-0.0241146258312734
0.0195189774262507
0.0393233885971550
-0.0134274832821355
-0.0208896179369851
0.0288412211164657
-0.0313409465980223
0.0312565115218421
-0.0486664197032372
-0.0005297371718746
0.0058743307950028
0.0104385527356337
0.1068866481304304
0.0460949548619683
0.0187889811388525
-0.0258258969147640
0.0414223020555664
-0.0280701405016489
-0.0169791845386603
0.0411657907069583
0.0015375821205140
0.0367481457129134
0.0650842562386635
-0.0024857006832373
-0.0780019337701931
0.0293233914680418
-0.0188896788722303
0.0960802324143929
-0.0716602727059981
0.0021301918400838
-0.0338552663287710
-0.0331677967126886
0.0238444777502833
-0.0025340131714634
0.0390557011399417
-0.0638797766466900
0.0598569367001563
-0.0041642418085469
0.0601265105744564
0.0216285204015338
0.0922880737962145
-0.0145515900318072
0.0006839894282484
0.0090756129769957
-0.0583344894304665
-0.0094939299628004
-0.0450465621303102
0.0350730915905140
-0.0453559362795634
0.0556197344665321
-0.0381000595060903
0.0106255041897609
0.0231626360739987
-0.0079739420763761
0.0200938689384828
-0.1123174334121950
-0.0306279505966533
0.0239239838796234
0.0797420653695627
0.0079345247940143
0.0056934287164219
0.0106577225197730
0.0474725388018258
0.0952643502679437
-0.0962502006698456
0.0200574365304413
-0.0228783515071639
0.0257372963426793
-0.0314859104179229
0.0285731132846576
0.0113479194588943
0.1101100623126239
-0.0255817854115278
-0.0187964898058490
-0.0208494605173400
-0.0033708822385414
-0.0302508974263637
0.1629485072383679
0.0239580198274794
-0.0006916403284264
-0.0302502453328808
0.0430428609560982
0.0631710325498114
0.0300075602596994
-0.0454914436359895
0.0190216159616671
-0.0281796208429078
-0.0286556473151525
-0.0021889313140510
0.0173132725094208
0.0276672235039717
-0.0135609397375109
0.0151272473689104
0.0079967725168580
-0.0130742234409279
-0.0196205493967770
0.0050554563277818
0.0238381873148201
0.0027298161956922
0.0196219385187544
-0.0193012415541426
0.0351147787744684
-0.0172766253749453
-0.0049543830846626
0.0146203258865447
0.0039027958122908
0.0011470183611439
0.0225047619434462
0.0223108899224187
-0.0085603027173413
0.0513648716094494
-0.0514458751614426
0.1270990422410470
0.0184720654083826
0.0062265157678955
-0.0632513592784163
-0.0040369520885854
0.0167097804391856
-0.0215561915615184
-0.0409773236866362
-0.0148340275658044
0.0019694550215078
0.0675681598534331
-0.0336156481819329
0.0070401014404054
0.1385373196111480
-0.0242266998680842
0.0980206430390202
0.0101808052119044
-0.0779357838920233
0.0943631189294522
0.0547433009421923
0.0213935997845677
0.0403545254923676
-0.0083070090003762
0.0205551951407746
0.0050346182421429
-0.0682778683461427
-0.0979336301651922
0.0381819905136341
0.0068314176389441
-0.0071559333850090
-0.0125612021368044
0.0863247594380721
0.0115019354597584
0.0694320356677006
0.0709216824515028
0.0121813910020893
-0.0586110494035260
-0.0048179479843226
0.0225006408109315
-0.0021856097022803
-0.0166549538096522
0.0202096567293847
-0.0686054571371608
-0.0174803332170025
-0.0548918737832620
0.0039192742355992
0.0140912705205854
0.0246019784871404
0.0314436678417919
0.0668919511494887
-0.0301796161932207
0.0711763811370861
0.0989931209570732
-0.0656857733012299
0.0770340669404256
-0.0613281054197486
-0.0218927552337538
-0.0325691862267536
0.0771680727153537
-0.0175913857850148
0.0797078360378704
0.0375962027921417
-0.0067161591016598
-0.0058376352133534
0.0133681304321361
0.0881687383608924
-0.0070526620502256
-0.0815404369746331
0.0594814939713287
0.0815447670798173
-0.0389960933149104
0.0122476456274321
0.0083161037143600
-0.0239209303283973
-0.0119495375004896
0.0073630115877680
0.0047204387979368
-0.0395768197179959
-0.0094848875271368
-0.0111434490836590
0.0207414642760036
0.0195591072844276
0.0327203310961056
-0.0430232014254724
-0.0324968933743768
0.0292015679839405
0.0430817640863770
-0.0447888496904609
-0.0695687388454160
-0.0445626746247546
0.0348000665125278
0.0297821204378662
0.0414788506609368
0.0337236555389612
-0.0228605505696415
0.0589075802292221
0.0794821907483048
-0.0273814339242459
0.0707775019714925
0.0068974960924725
-0.0643638088294046
0.0065488826129751
0.0100753348519294
-0.0123696970986508
-0.0543851073611875
-0.0109095981712959
0.0958404211529297
0.0430042390936428
-0.0329937149098290
0.0619328353641151
0.1042810327113447
0.0818154403464214
0.0346070310761541
0.0333907862088231
-0.0853467062838718
-0.0302875889036439
0.0137207979739461
0.0220320704164395
-0.0497432429728017
0.0715154921490242
-0.0614219360661772
0.0329347023408526
-0.0400085555825032
0.0018861816637883
0.0223772617477900
-0.0055857373395608
-0.0065167461838343
-0.0173358150874953
-0.0728906388361760
0.0418606750226322
0.0547272073740675
0.0519645791514366
-0.0050037213835096
0.0044430188451909
-0.0482568245477340
0.0148192049178122
0.0521947230867634
0.1246965097576867
-0.0564395924210560
0.0029004414510648
-0.0181185312407285
0.0458513032848794
-0.0453691240202694
0.1039562025370640
0.0398829179271136
-0.0087227086165634
0.0130175082814633
-0.0116922138662497
-0.0429280998390209
-0.0433245166583105
0.0207827426108490
0.0054164525695581
-0.0126915207323401
0.0020789736231691
0.0395498097143734
0.0309098578979208
0.0525153185715689
0.1600821193524343
0.0079239551599907
-0.0079856834546471
-0.0139125095999347
-0.0432036060158432
0.1069822652732727
0.0209086583164136
-0.0354677176505698
-0.0287746276508141
0.0027556152022038
-0.0210344092874553
0.0439460341679129
-0.0359717751747778
0.0431728908263192
-0.0022695387713207
-0.0354990655286686
-0.0321942447941919
-0.0051147798026769
0.0836117556268711
-0.0407257678943008
0.1030044525103101
0.0043615323010728
0.0068523722769889
0.0174635111026628
-0.0335310517286261
0.1421499933616330
-0.0031247696906167
-0.0330509068813913
-0.0026566037733802
-0.0318157390762343
0.0212592405702891
0.0902175392628952
-0.0089770143714442
0.0027910632798443
0.0117668169932450
-0.0316345119820577
-0.0261936869118450
0.0594401142137043
0.0395226028787279
-0.0547491110549943
0.0995520242559368
-0.0147044801772638
0.0075923221525647
0.0312483252746278
0.0469697935012880
0.0426763181635104
0.0196924841467011
-0.0290329883412474
0.0004869629389235
-0.0283019670219461
0.0157343971932124
0.0375398937089199
0.0313150592531145
-0.0009935837826414
-0.0101260903306874
-0.0135222033058740
0.0519366002855573
-0.0377684661156624
0.0398857899419857
-0.0179633926845620
0.0062065858621191
-0.0435307753674707
0.1003481794422970
0.0516234077591417
-0.0452139738920712
0.0651936607245645
-0.0180821869837609
0.0158031772974098
0.0736097979426818
0.0013972869817014
0.0933887814656445
0.0587056027242622
-0.0546730902930016
0.0329747280895809
-0.1461803157135465
-0.0073657824753568
0.0491872324417844
0.0451538145960516
0.0217734257163045
0.0142079009869014
0.0549615135290836
0.0211372736339791
-0.0281748487299322
-0.0009131120426893
-0.0550875234876045
-0.0341584286888047
0.0192518784743391
0.0404439847359538
0.1008240757923648
0.0017799188466877
0.0310451114523295
0.0571311305449385
-0.0574471750062197
-0.0192696116150872
-0.0712728978246819
-0.0473073119419202
-0.0230063251907068
0.0283638717859790
0.0190767184198180
0.0437982995955421
0.1381964760824798
0.0001335778562168
-0.0910935641938707
-0.0224004631688411
0.1142339326323482
-0.0932050015351515
-0.0286792355125287
0.0190772790936310
0.0480165151411188
0.0037745972515407
-0.0280342871719821
0.0976993268953956
0.0710891259851513
0.0021044246799170
0.0869158740825043
0.0083089120707917
-0.0429393204748289
-0.0245723165154633
0.0422103010679108
0.0028773857243232
0.0515742542354615
-0.0838274219002438
0.0261232585467025
-0.0437549942757441
0.1129770879405691
-0.0541697646661693
0.0749662140284134
0.0547322984634012
-0.0484011557982914
0.0495865244437375
-0.0721228234787663
0.0346023284522335
0.0093650460785353
-0.0149839712799185
0.0078930728482341
-0.0342979405892040
0.0022004951003836
0.0787144472384226
-0.0266115892868596
0.0507024111662995
-0.0636275101208052
0.0301906710538604
0.0347899306573745
-0.0118047216969716
-0.0131118983939656
0.0230816036399231
0.0921318815010128
0.1569251239298405
-0.0139628248290220
-0.0114753333213885
-0.0160149811238087
-0.0117216144306147
0.0218882012442611
-0.1235576217865430
-0.0463488103076553
0.0165876123014021
-0.0082557460623648
0.1364382131425879
-0.0483586839143557
0.0072023838980953
-0.1194385082744297
0.0094960490796575
-0.0681132355682777
0.1051346769940816
-0.0100157461132232
-0.0074558926138012
0.0428597914748752
0.0117747639289411
-0.0128033922682515
0.0110218095852080
-0.0103863623186426
-0.1196654210321765
-0.0559796094779062
0.0253158895563397
-0.0216374960339358
0.0824097241628466
0.0770275945207106
-0.0073869062212867
-0.0244145667994252
0.0337287322245925
0.0272145014667362
-0.0292206087089932
-0.0159946264457507
-0.0190071418384402
-0.0043095133250931
0.0170723895342833
0.1107317402915084
0.0606697937222824
-0.0213292335203202
0.0223088877721152
-0.0499441733229594
-0.1046843764276296
-0.0540546246732462
0.0101967028090585
0.0107464292277053
0.1204030837533924
0.0370191361939742
0.0112373755612456
0.0192133921455970
0.0110561471748294
-0.0119530431616823
-0.0431398381038232
0.0484926632103855
-0.0390083001583089
0.0190516725432037
0.0046237978955925
0.0524096303092045
0.0365059105535692
-0.0455637722362735
-0.0193001943380064
-0.0539790462674940
0.0020258497035070
0.0001608163789289
-0.0067324933103334
-0.0378264988858404
-0.0172506642458211
0.0398412567872578
-0.0215607733125594
0.0961090457482961
0.0253396271665122
-0.0463089868976130
-0.0290347462299408
-0.0148284298317104
0.0446717630363388
0.0312035816639169
0.0043888141149786
-0.0649040872066731
-0.0320789676823326
0.0171150782062967
0.0132162204265375
-0.0132625260420606
-0.0451544464103816
-0.0457227024460317
0.0034756068714022
0.0473275527064104
0.0403380167355361
0.0150096001395035
0.0115916064603292
0.0205204075041472
0.0293977715479401
0.0046403695702141
0.0176311987224794
-0.1043729201861503
-0.0498903120036224
-0.0270195360019030
-0.0249598113729006
0.0588765504498262
-0.0156161249315484
0.0102902233846550
0.1203870479596932
-0.0074972387073673
-0.0875736040653711
-0.0883761818100465
0.0798927548646881
0.0598157610249439
0.2432426241002800
-0.0321489910298474
0.0623636820974441
-0.0271865936352820
0.0597819376760578
0.0461023045980396
-0.0239933900998388
-0.0761175836773426
-0.0122466669058418
-0.1190589052345573
0.0122112911491559
0.0965713433005132
-0.0279777186686461
-0.0151963658809488
0.0878363897994168
0.0334294565057355
0.0028101291983437
-0.0265908161776096
0.0308817767050698
-0.0252900062448913
0.0122350480425571
0.0067902539378751
0.0112812089645682
-0.0323207970830574
-0.0185453713103775
0.0702012271045827
0.0569236212433562
-0.0086471742187513
-0.0107714729811369
0.0029682886964137
-0.1085182652301457
-0.0186543648853662
0.0483810794667586
0.0255822695289336
0.0430639244732883
0.0033478372054672
-0.0089829386552016
0.0156368294220416
-0.0243978762530339
0.0649172317586320
0.0148650027527019
-0.0560019901622453
-0.0410591051487342
-0.0235158081456086
0.0787194368367238
-0.0315793206493298
0.0991890623798002
0.0127095996387804
-0.0347246374172290
-0.0016044412035092
-0.0544336857484175
-0.0202569726074371
0.0426670776103790
0.0019143763698734
0.0253475106654904
0.0353703400992967
0.0676391427376328
0.0374760227553782
0.0070089805402315
-0.0049870291054967
0.0350387134873899
-0.0567293652470323
-0.0511022757543848
-0.0585835904211566
0.0468601091133479
-0.0233767499076777
0.0834766944322685
-0.0354708734308647
0.0510377918454221
-0.0119225863468992
0.0162965318595732
0.0210964176986321
-0.0141662054656756
0.0037905936804966
0.0135399131849241
0.0184556393778282
-0.0071037289632390
-0.0044326186782616
0.0025606956899601
0.0374449998399802
0.0316097084435759
0.0689019932459261
-0.0173392643135855
0.0151911934149591
0.0442919229601157
0.0164859330800753
0.0028054936598857
-0.0522028014022532
0.0933708160528115
0.0324373846720296
0.0549655820619480
0.0014487344171785
0.0630232416695898
-0.0750667870401666
-0.0444931904643009
-0.0129542157862356
-0.0070598854882989
-0.0735727940740169
0.0201393934789088
0.0466125272667038
0.0495276709736386
-0.0198739375857804
-0.0178517234278650
0.0535020373784744
0.0468085939339442
0.0748418931500188
-0.0007776521106997
-0.0945246614079525
0.0558784793298930
0.0656696982836552
-0.0310837751281679
-0.0417807124607812
0.1587853365526081
-0.0384203216527680
-0.0348388483582894
-0.0175399958917526
0.0341506768092998
0.0273270199164575
-0.0219536224298048
0.0144618177429885
0.0271109680740701
-0.0590462066773665
-0.0354328136112049
0.0140959704509065
0.0060855484461212
-0.0002428194326571
-0.0446875913730725
-0.0462120267894286
0.0474835338642508
0.0476096949884881
0.0032143010067226
-0.0448812144333141
0.0813774184657884
-0.0120703089448812
-0.0053847697501119
0.0247950963959328
0.0544700255284521
0.0565301179524815
-0.0410362111031365
0.0211093139653262
-0.0039151153938530
-0.0520463388896979
0.0038200403279441
0.0044630651830931
-0.0590218262459543
0.0388376168053310
-0.0581277996907101
-0.0090006552109709
0.0023764799821690
0.0727908684841383
0.0028000940587019
0.0028528809172367
0.0922347080228638
-0.0042762867707931
0.0014178909746374
-0.0132063922281248
0.0408215154250289
-0.0280788251127171
-0.1132843995721854
0.0124567746604557
0.0106888100983323
-0.0353614350115388
0.1066160278707818
0.0172678702200777
0.0015357507004610
-0.0667116106666529
0.0247792648524799
0.0833613401085219
0.0235429921230912
0.0279442503653454
0.0392516919596794
-0.0110464333434594
0.1048014848192685
-0.0232007728588429
-0.0504157770698337
0.0316013579306939
0.0602162410711323
-0.0358543179983539
-0.0421449840539726
-0.0135627266990799
-0.0069916611479808
0.0038840753441514
0.0452811717386206
0.0211822325742519
0.1639653286570787
-0.0290051895247966
0.0048601475132378
-0.0337175983203194
0.0557108627703714
0.0067154442250388
0.0811661709230853
-0.0041188059471490
0.0938363922806795
-0.0686903782198536
0.0227351011463881
0.1528557540579004
-0.0055151521669024
-0.0156902902927399
0.0285008843375452
-0.0335135570376385
0.0403034023496540
0.0275763956839397
-0.0148307883179336
0.0897273744980482
-0.0214968274497876
-0.0449513522330221
0.0014248227171220
0.0733984197369908
0.0142628542919388
0.0200545843226728
0.1672217507962271
0.0062012285303511
-0.0114476272517073
0.0162310440102445
-0.0840689202631318
0.0674988093890531
0.0556027901915897
-0.0118252205769847
0.0167060187823824
-0.0123165286691994
0.0173570842927059
0.0574467213262030
0.0155149597234689
0.0293403043056454
-0.0839801270302387
-0.0236527839428562
0.0477623333479810
0.0457001357130432
-0.0524004014274843
-0.0032464074760082
0.0529323700332330
0.0097945207628288
0.0116369097488767
-0.0550888774685332
0.0174378699619559
0.0409529145890148
-0.0559582391166811
-0.0032340481842895
0.0075073618521981
0.0052085030238844
0.0496187553230059
0.0213675211665917
0.0720996318265303
-0.0673251025747722
-0.0348339232499783
0.0246602650097348
0.0208944040106481
-0.0029084487270424
-0.0068276500172488
0.0532269702927267
0.0498005945166948
0.0049309644029994
0.0139627916297210
0.0345060327949995
0.0004253598981909
0.0295858818011692
0.0387022888719677
0.0326711941202472
-0.0115215424863754
0.0746035201872946
-0.0006226845378619
-0.0091389112119183
-0.0010989632548350
-0.0111859412978056
0.0952015399266243
0.0007121025944081
0.0010555312330073
-0.0060914606650853
-0.0073307842967584
0.0160288294534621
-0.0089103049480061
0.0410565603705028
0.0062022689845571
-0.0012992301766445
-0.0086002027298220
-0.0042557375636628
0.0290663995407576
0.0003925043872942
0.0139948144851475
0.0054520341145530
-0.0042584748516595
-0.0076268760272427
0.0031486389243810
-0.0089017402371074
0.0132154200357026
0.0071822642510926
0.0196050465768190
-0.0041998063788988
-0.0104428633246235
0.0453082506434146
0.0653092122311587
0.0238875713020981
-0.0088811690226869
-0.0080153054071687
0.0009793243105670
-0.0098060064565725
0.0376191614196232
0.0144380171202614
0.0778190680138968
0.0050874838679253
0.0040739668160147
0.0183765274218114
0.0418223138513088
0.0351826235902023
-0.0117880261211885
0.0327965666003652
-0.0092865906938338
-0.0106122745195542
0.0358749893043892
-0.0011882285765927
-0.0041378973880446
-0.0011375317341392
0.0158891129501295
-0.0049478080818787
0.0123366081230962
-0.0065906674513036
0.0224616478212269
0.0220917842222434
-0.0061643517610349
0.0058109312352561
0.0215489037064766
0.0018912401757493
0.0079338300911424
0.0071356632529812
-0.0063961699493708
-0.0077394526761810
0.0073972573044693
0.0817749643806630
0.0069505159517902
-0.0046864569727068
0.0043584109959632
-0.0097476160127680
-0.0044539780030074
0.0549145977187493
0.0286927784584744
0.0039701847580890
0.0796202706285836
-0.0093922923893940
-0.0007206512481381
0.0069385750409028
-0.0030090828261888
-0.0055190552265861
-0.0081387412341787
0.0008414105648132
0.0152037676139727
0.0098859633526171
0.0026484462434755
0.0089143281897840
0.0041566917813949
0.0599504103601996
-0.0102893743455880
0.0076197543334962
0.0021201235528008
-0.0007651592775172
-0.0084138417662682
0.0321078616498448
0.0365172747975196
-0.0020685112544642
-0.0117537079083508
-0.0066860651586341
0.0280912339551792
0.0056687171404582
0.0309658945808875
0.0002218294599139
-0.0103882816950194
0.0195263804312487
-0.0098591871199999
-0.0067023580216238
-0.0028908580722151
-0.0084150297127970
-0.0088974984261975
0.0071553634251609
-0.0089787979012821
0.0456173977380972
0.0020725940902018
-0.0048862101693069
-0.0039384985808840
-0.0112078481047475
-0.0107923503260556
-0.0065722140933674
0.0044492058811239
0.0245866047380981
0.0132182430184554
0.0126095891969291
-0.0081074720867711
0.0133235985035393
-0.0049986520508727
-0.0106797107425769
-0.0080873513586540
-0.0042260698102858
-0.0078373160332786
0.0628647211702806
0.0366835277249540
0.0382460047425908
-0.0114687830570857
0.0112893860171132
0.0229661616137332
0.0191592635404136
0.0221784658654347
-0.0003107822441982
-0.0051414972302134
-0.0099779437701143
-0.0114686439103762
0.0249713627266528
0.0667109779430924
-0.0090343343034300
0.0045731773708166
0.0247029543717249
0.0237605127549067
0.0924955873977919
-0.0031240843729911
-0.0083715742278254
0.0365510633163851
-0.0007809152718157
-0.0088432144872660
0.0033325884162775
0.0058115896558660
0.0232472871117025
0.0144046996562880
0.0070264566944199
0.0241482643416282
0.0127032477013610
0.0104973649694827
0.0694450095946127
0.0362022579569289
0.0125397725501731
-0.0055868249895284
-0.0120030250861222
0.0295674907330750
0.0074127987886152
0.0870315592721331
0.0163801801238487
0.0049364927473207
0.0186559549972367
-0.0006785861511961
0.0000065445112830
-0.0004250478177724
0.0050459562231835
0.0254473775790717
0.0134212551964792
-0.0105494781175624
0.0411953812793851
0.1390976253321931
-0.0027347540340592
-0.0112501577280642
0.0089475114086254
-0.0113714847346716
-0.0001951640544384
-0.0024837085516660
0.0123876478551621
0.0495105142853134
-0.0105427339451584
0.0350881130421232
0.0103279845516452
0.0167659219393743
-0.0062269895412733
0.0116149358049730
0.0136522420083546
0.0241288833295414
0.1692423250131076
-0.0053295744913160
0.0240107650447004
0.0213620043406102
0.0077124673131914
0.0123086334839100
-0.0066640637668524
-0.0045417815460636
0.0267289462785052
0.0699620139216882
0.0053449490012379
0.0564189121248052
-0.0094845153881343
-0.0009904279725069
0.0222791926014840
-0.0039154759751708
0.0301071834462919
0.0095461543455731
0.0378223107519238
-0.0037692860876269
0.0172913357207588
-0.0119320301432083
-0.0106976319861465
0.0021615516417753
0.0265575929054269
-0.0062016751623956
0.0201436653828899
-0.0081991080356179
-0.0047677701713059
-0.0090435237099406
0.0136284511788214
0.0163700288402427
0.0005431670326288
0.0044102700258424
0.0135145148603847
0.0156656379389189
0.0474060510542139
0.0347015393607225
0.0246364516441459
-0.0079875946464636
-0.0019514505705047
0.0207264748362925
0.0366616155437266
0.0102867344129976
0.0336845378040289
0.0357089430214705
-0.0080498256161923
0.0175899305269950
-0.0062539844377920
-0.0046677203424957
-0.0087467665960703
0.0104734163644873
0.0119920841146816
0.0146856684536132
-0.0094538184820316
-0.0094023103501907
-0.0110770696417832
0.0549252371504543
0.0105165443323404
0.0013511904685676
-0.0090790935798055
-0.0056437646551144
-0.0056693826138269
-0.0058522948744070
0.0708951606013931
0.0065264988013506
0.0004264112698255
0.0468869277119573
-0.0003020118339138
0.0148106428867411
-0.0093858337027462
0.0647101930826066
-0.0092277930519587
0.1064620387808815
0.0435901393317388
-0.0087794592941362
-0.0047102333016828
0.0288418631563109
-0.0114555942680729
-0.0005489821092537
0.0453259680795757
-0.0002442949229578
0.0384238073546743
-0.0115950599834222
-0.0075879287221654
-0.0066380095531871
-0.0052604748966396
0.0070188839463913
0.0306303435566976
-0.0109189049489499
-0.0102528260698302
-0.0068292929137327
-0.0045018215223017
-0.0111872597073874
-0.0048328687487090
0.0016378005325470
-0.0016050460602438
0.0190919729915440
0.0122358609766648
-0.0048920567743331
-0.0079236729827267
0.0058530937283022
0.0130965394312827
0.0090529936059015
-0.0022851290464722
-0.0018673105520566
0.0095587817802798
0.0191662406639468
-0.0006693378748669
0.0059824943939573
-0.0093759211445338
-0.0023274378208486
-0.0118803278686963
0.0366892248910165
0.0134784796630242
0.0208586217940828
-0.0029672826120548
0.0031036360507855
-0.0063326935943755
0.0389961804249382
0.0065465733653775
0.0064859222459792
0.0091768845970532
0.0322785075369698
0.0150011425431539
-0.0091506367332049
0.0046226969309574
0.0106572173711312
0.0261622643256587
-0.0091661211830703
-0.0099603128559246
-0.0096855078195653
-0.0087698395706493
0.0239586642273688
0.0096445390631208
0.0456866824506927
0.0175582789944632
-0.0041960948814539
0.0049394052823137
-0.0056864621300545
-0.0115994860727180
-0.0028694038136805
0.0964525055023227
-0.0040631760680308
0.0156788573237592
-0.0033299450028082
0.0762336706951127
-0.0033376773161798
0.0231207817889853,0.0146456086645305,-0.0159962816184937,0.0452380148897592,0.0427533389335317,-0.0295419945504955,0.0350659133759612,-0.0348905905710371,-0.0284389848040778,-0.0396433983552014,0.0267825854456927,-0.0028644284615666,-0.0220654930897495,0.0223526218509411,0.0073227907561650,0.0073591990117579,-0.1248980253353978,-0.1189425812384970,-0.0030517598241208,0.0142282061790166,0.1469510122456905,-0.1093613275512918,-0.0382042097326120,-0.0170913495809461,0.0175042063837139,0.0885784638565671,0.1498302962101735,-0.0623359151966562,0.1246042507605205,0.0213098475997786,-0.1689706907412528,-0.1218155425503195,0.0100991522721389,0.1488580507236119,0.0828045494314717,-0.0881656843443474,0.0192055365432394,0.0103853684682880,-0.0187200986311363,0.0437473421392143,-0.0192204568214305,-0.0839404465111777,0.0174291212727822,0.1367740215366302,-0.0885207554280782,-0.0504472661885309,-0.1024476225390425,0.1376386964665258,0.0716468574182108,-0.1131520770486196,0.0965359085356780,0.0942753164663256,-0.0064969912306971,0.0759399091232118,-0.0653927596513013,0.0582777502992509,0.0439864208895030,-0.1000667598744251,-0.0165548385595244,-0.0630433087560435,-0.0957349350030967,-0.1347316934293239,0.0232008378106846,0.1303736327382926,-0.0583392564678754,0.1745660310678690,0.0567440561341718,-0.0116090220485623,0.0407573697858806,-0.0542575835470709,0.1329599116164726,-0.0604117773645201,-0.1558416827344309,0.0646083521218104,0.1706690053528323,0.0343560063058164,0.1422418955430299,-0.0712778927444988,-0.1664850204146686,-0.0152934225777187,-0.0251420281482756,-0.0828943417042398,-0.1250343540910339,0.0844790513799670,-0.0785370618701292,-0.1170601279179750,0.1244896986443382,0.0161535679355955,0.0338685855720285,-0.0879688859030981,0.0885584740589990,-0.1137309103143784,0.1046461000074526,0.1474961972746094,0.1893422096647555,-0.0796708839056157,0.1414123206318567,-0.0341882556863838,0.1703613267218672,-0.0396153745411847,-0.0739771298359469,-0.1908505969956044,0.0402021240812496,-0.0438984734197131,0.1494236553290874,-0.0045490026193353,-0.1594144372217607,0.0167616438012654,0.0174016101778860,-0.1056499298654492,0.0712804536368907,0.1972355172181122,0.0623518707314687,-0.0222048913601380,-0.0589170528486031,-0.1348334862644901,0.0208057634956327,0.0858571442103399,-0.1266160000900375,0.0052504040936441,0.1168501949139489,0.0148345740233153,-0.0212271309432808,0.1280159031247521,0.0162636362410652,0.0068725079270121,-0.1179625801904030,-0.0688087320719887,-0.0428764324119020,0.0199280600689884,-0.1568867198970191,-0.0775795818111901,-0.0113450382872896,0.1448810186654449,-0.0044276073887802,-0.0652986671621908,0.0408745702915209,0.0707125162621761,-0.1458477512317536,0.0692067924582498,0.0737506561841084,0.1422285247722121,0.1095729766628950,0.0381421301991908,-0.1218029489729879,-0.0203510988279349,0.1236344075643307,-0.1386291277950594,0.0651967481193347,0.0254335973807755,0.1273775941783254,-0.0939341309090665,-0.0542852513865624,0.1473697993787957,0.0947587308250557,0.0053642345163236,0.0102391782210691,-0.0239199595265758,0.0663702543238040,-0.0216839833101467,-0.1071793649082299,0.1192287726388764,0.1610817805970392,-0.0288334873043705,-0.0039538985535790,0.0565510513205391,-0.1326022417430970,0.0929391627183598,0.1007285954046459,-0.0322645023687409,-0.0036284221146617,-0.0580952754131594,0.0865690986545669,-0.1022789123554409,-0.0532837948153036,-0.1103640920020478,-0.0564821643727116,-0.1382217569890521,0.0266236770165838,0.1446987161645612,0.0038055176216155,0.1005843352330784,0.0101988937418076,-0.0096137043932238,0.2246013495710882,0.0371595128353257,0.0256768721320405,-0.1132630216619907,-0.1097925221362010,-0.0603348337083803,-0.0081605895952548,-0.0630296829710143,0.0678878664594277,0.0599000672352411,-0.0849316839605950,0.1843313532820496,-0.0898926607705054,0.0201481651863333,0.0323779153717480,-0.0966930289849740,-0.0439834401075963,0.1235084770397359,0.0460918446583247,0.0199019868593533,-0.1056252587585397,0.1078445712096339,-0.0014642615322952,-0.0371394439758263,0.0079784355729898,-0.0891015031560557,-0.0184909737956245,0.0710935415252748,0.0712928097418058,0.1770375589983146,0.0324823564878241,0.0385265704337889,-0.0329031716800906,0.0000745140301951,-0.0581597076339054,-0.1532845520746709,-0.1801326623786578,-0.0001727421034218,0.0867826948327745,0.0444343878179445,0.0087335643467940,-0.1100945315486569,-0.1414208711091541,-0.0443908709070095,-0.0542893919295809,0.0097927080948040,0.1832041716854651,0.1516863622148470,-0.1525642463896257,-0.0954970587239617,-0.0508760235514459,0.0283326263856850,-0.0581948958347763,-0.0173051174251526,0.0442844809961976,0.0069125427062615,-0.0781433421303626,-0.0379007685585718,0.0072303042214790,0.1108553971956904,0.0245265297868610,-0.0393389753724616,0.0201726416497541,-0.0780333754253573,-0.1047917600728989,-0.0372837760364811,0.1591449092535561,0.1193279733168361,-0.0832151068712858,0.0957483898866881,-0.0875658431194734,0.0420138687573894,0.0223703416362124,0.0269353903207341,0.0118119725522959,-0.1316352446882465,0.2040587764764674,-0.0888900056990435,0.0519476976346348,-0.0465768165341664,-0.0003517431904417,-0.1089986368019043,-0.0180398087444630,-0.0066081330600175,0.1120206508917749,-0.0149199775187823,0.0889690027081047,-0.0014871936537956,0.0589541966621118,0.0976658863867148,0.0066969616234394,0.1051372810085309,-0.1135077074907919,0.0007512949885053,-0.1198170490905818,-0.0284781496436151,-0.0377375084987693,-0.0469412276817783,0.1081734991852993,0.0753315560080716,-0.0475506864182841,-0.1246396697224825,-0.0292876676277284,0.1378116922682233,0.0400559691293340,-0.0702930212294107,-0.0386275543719832,0.0515489574301105,-0.1018192043799333,0.0225414198708559,-0.1324988275218898,0.2585198937832495,-0.0800853365394284,-0.0785917349489114,-0.1382950365275686,0.0475153845888731,0.0884963720227802,0.1598886861217183,-0.0525355124710940,-0.0015162088855204,0.2213924943122020,0.1608265098565880,0.0007548554790982,-0.0256159485819316,-0.1833240061974748,-0.0246384332724035,-0.0833680811082141,-0.1446789134060542,-0.0589714920673012,0.1354045743446550,-0.0830126373559955,-0.0763930755461760,0.0073519049093062,0.0707000229618907,0.0715018712055867,-0.1518019677142591,-0.1377497472060289,0.0421324916339482,-0.1108511065766732,-0.0596501969306713,0.1898199317396056,-0.0603507189327569,-0.0817699116102244,0.0658130189369698,0.0018337989926136,0.0680631133169052,-0.0846993385801961,0.1863229387183110,-0.0140800505151059,-0.0412484847677939,-0.0044885255606552,0.0281528671902783,
